timestamp,message
1790647215195,"INIT_START Runtime Version: python:3.13.mainlinev2.v43	Runtime Version ARN: arn:aws:lambda:ap-northeast-1::runtime:a0627e8616c4eaf447133f427c7419e5ce3a39ea2bc648ccb6d03d5b7f4d96e7
"
1790647215662,"START RequestId: 24122a51-7dd8-5f0e-8eab-496460390d18 Version: $LATEST
"
1790647216027,"optimized sent for statement-2026-09-27-001
"
1790647216039,"END RequestId: 24122a51-7dd8-5f0e-8eab-496460390d18
"
1790647216039,"REPORT RequestId: 24122a51-7dd8-5f0e-8eab-496460390d18	Duration: 376.66 ms	Billed Duration: 841 ms	Memory Size: 128 MB	Max Memory Used: 88 MB	Init Duration: 463.59 ms	
"